{"tfjsVersion":"1.3.1","tmVersion":"2.3.1","packageVersion":"0.8.4","packageName":"@teachablemachine/image","timeStamp":"2021-03-17T01:52:04.736Z","userMetadata":{},"modelName":"tm-my-image-model","labels":["0. 개나리광대버섯","1. 곰보버섯","2. 노란꼭지버섯","3. 노란다발버섯","4. 노란싸리버섯","5. 노루궁뎅이버섯","6. 달걀버섯","7. 붉은싸리버섯","8.뽕나무버섯","9. 싸리버섯","10. 표고버섯","11. 혈색무당버섯","12. 개암버섯","13. 노란난버섯","14. 갈황색미치광이버섯"]}